Link,Titlu,Pret,Descriere
https://www.pieseauto.ro/delcou/garnitura-sub-delcou-dacia-1300-1310-1410-528338447.html?ssk=d9af28f801c79917a3e5a53be0618d36,Garnitura sub delcou Dacia 1300 1310 1410,7.5 lei,Garnitura sub delcou Dacia 1300 1310 1410 Garnitura sub delcou Dacia -producator de piese auto omologat RAR  : IndDura Srl Pitesti Compatibilitati:
https://www.pieseauto.ro/bobina-inductie/ventil-a-v-auto-mto-r50193-2086439575.html?ssk=d9af28f801c79917a3e5a53be0618d36,VENTIL A/V - AUTO MTO-R50193,1.2 lei,VENTIL A/V - AUTO MTO-R50193
https://www.pieseauto.ro/bujii/dacia/logan/bujie-bosch-gpl-pentru-dacia-logan-sandero-lodgy-565963865.html?ssk=d9af28f801c79917a3e5a53be0618d36,"Bujie Bosch GPL pentru Dacia Logan Sandero Lodgy Solenza Super nova 1.4/1.6 mpi cu 1 electrozi si Renault BMW Land Rover Citroen , 1 buc. Pt GPL",17.99 lei,"Bujie Bosch GPL pentru Dacia Logan Sandero Lodgy Solenza Super nova 1.4/1.6 mpi cu 1 electrozi si Renault BMW Land Rover Citroen , 1 buc. Pt GPL Bujii Dacia Logan 1 4 si 1 6 mpi GPL BOSCH -pret per bucata  Producator : BOSCH Distanta dintre electrozi [mm] : 0.8 Moment strangere [Nm] : 28 Filet exterior [mm] : 14 Pas filet [mm] : 1.25 Lungime filet [mm] : 19 Deschidere cheie : 16 Pozitia scanteii [mm] 3 Numar poli : 1"
https://www.pieseauto.ro/bobina-inductie/seat/alhambra-ii/bobina-inductie-audi-80-1991-1996-seat-alhambra-1246201278.html?ssk=d9af28f801c79917a3e5a53be0618d36,"Bobina inductie Audi 80 1991-1996, Seat Alhambra , Arosa , Cordoba 1993-2002 , Ibiza 1993-2002 , Inca , Toledo 1991-1999 , Skoda Favorit , Felicia , Octavia 1 , VW Caddy 2 , Golf 3 , Golf 4 , Passat 1",120 lei,"Bobina inductie Audi 80 1991-1996, Seat Alhambra , Arosa , Cordoba 1993-2002 , Ibiza 1993-2002 , Inca , Toledo 1991-1999 , Skoda Favorit , Felicia , Octavia 1 , VW Caddy 2 , Golf 3 , Golf 4 , Passat 1 Bobina inductie Audi 80 1991-1996, Seat Alhambra , Arosa , Cordoba 1993-2002 , Ibiza 1993-2002 , Inca , Toledo 1991-1999 , Skoda Favorit , Felicia , Octavia 1 , VW Caddy 2 , Golf 3 , Golf 4 , Passat 1988-1996, Lupo , Polo 1981-1999 , T4 , Vento .    Produs Aftermarket   Numar poli 3   Tensiune 12V   Pentru modelele cu distribuitor    Cod OEM referinta  867905104     004050016     6N0905104   Aplicatie    Marca: AUDI     Model: 100 (4A, C4)     Tip: 2.0   Model: 100 AVANT (4A, C4)     Tip: 2.0 E   Model: 80 (8C, B4)     Tip: 1.6     2.0     2.0 E     2.0 E quattro   Model: 80 AVANT (8C, B4)     Tip: 2.0     2.0 E   Model: CABRIOLET (8G7, B4)     Tip: 2.0 E   Model: COUPE (89, 8B)     Tip: 2.0   Marca: SEAT     Model: ALHAMBRA (7V8, 7V9)     Tip: 2.0 i   Model: AROSA (6H)     Tip: 1.0     1.4   Model: CORDOBA (6K1, 6K2)     Tip: 1.0 i     1.4 i     1.4 i 16V     1.6 i     1.6 i     1.8 i     1.8 i 16V     2.0 i     2.0 i 16V   Model: CORDOBA (6K2)     Tip: 1.6   Model: CORDOBA VARIO (6K5)     Tip: 1.4 i     1.6 i   Model: CORDOBA VARIO (6K5)     Tip: 1.6   Model: CORDOBA VARIO (6K5)     Tip: 1.6 i   Model: IBIZA II (6K1)     Tip: 1.0 i     1.0     1.3 i     1.4 i     1.4 i 16V     1.6 i     1.6 i     1.6 i     1.8 i 16V     2.0 i 16V   Model: IBIZA III (6K1)     Tip: 1.6   Model: INCA (6K9)     Tip: 1.4 i     1.6 i   Model: TOLEDO I (1L)     Tip: 1.6 i     1.6 i     1.6 i     1.8 i     2.0 i     2.0 i 16V   Marca: SKODA     Model: FAVORIT (781)     Tip: 1.3 135 X,LX,GLX (781)     1.3 135 (781)     1.3 135L (781)     1.3 135 (781)     1.3 135 (781)     1.3 (781)   Model: FAVORIT FORMAN (785)     Tip: 1.3 (135 E)     1.3   Model: FAVORIT PICK-UP (787)     Tip: 1.3     1.3     1.3   Model: FELICIA I (6U1)     Tip: 1.3     1.3     1.3     1.6 LX   Model: FELICIA I FUN (797)     Tip: 1.3     1.3     1.6   Model: FELICIA I KOMBI (6U5)     Tip: 1.3 LX     1.3     1.3 LXI     1.6 GLX   Model: FELICIA II (6U1)     Tip: 1.3     1.3     1.3     1.6   Model: FELICIA II KOMBI (6U5)     Tip: 1.3     1.6   Model: OCTAVIA (1U2)     Tip: 1.6   Model: OCTAVIA COMBI (1U5)     Tip: 1.6   Marca: VW     Model: CADDY II KOMBI (9K9B)     Tip: 1.4     1.6   Model: CADDY II NADWOZIE PELNE (9K9A)     Tip: 60 1.4     75 1.6   Model: CORRADO (53I)     Tip: 2.0 i     2.0 i 16V   Model: GOLF II (19E, 1G1)     Tip: 1.3 CAT   Model: GOLF III (1H1)     Tip: 1.4     1.4     1.6     1.6     1.8     1.8     1.8 Syncro (1HX1)     2.0     2.0 Syncro (1HX1)     2.0 GTI 16V   Model: GOLF III CABRIOLET (1E7)     Tip: 1.6     1.8     1.8     2.0   Model: GOLF III VARIANT (1H5)     Tip: 1.4     1.4     1.6     1.8     1.8     1.8 Syncro     2.0   Model: GOLF IV CABRIOLET (1E7)     Tip: 1.6     1.8     1.8     2.0   Model: KAEFER     Tip: 1600 i (Mexico)   Model: LUPO (6X1, 6E1)     Tip: 1.0   Model: PASSAT (3A2, 35I)     Tip: 1.6     1.8     1.8     2.0     2.0     2.0 Syncro     2.0 16V   Model: PASSAT VARIANT (3A5, 35I)     Tip: 1.6     1.8     1.8     2.0     2.0     2.0 Syncro     2.0 16V   Model: POLO (6N1)     Tip: 50 1.0     45 1.0     55 1.3     55 1.4     60 1.4     100 1.4 16V     75 1.6   Model: POLO (86C, 80)     Tip: 1.0     1.0 CAT     1.3 CAT     1.3 CAT   Model: POLO CLASSIC (6KV2)     Tip: 60 1.4     75 1.6     100 1.6     75 1.6   Model: POLO CLASSIC (86C, 80)     Tip: 1.0     1.3 CAT   Model: POLO COUPE (86C, 80)     Tip: 1.0     1.0 CAT     1.3 CAT     1.3 CAT     1.3 G40   Model: POLO NADWOZIE PELNE (6NF)     Tip: 1.4   Model: POLO NADWOZIE PELNE (86CF)     Tip: 1.0   Model: POLO VARIANT (6KV5)     Tip: 1.4     1.6     1.6   Model: SHARAN (7M8, 7M9, 7M6)     Tip: 2.0   Model: TRANSPORTER IV AUTOBUS (70XB, 70XC, 7DB, 7DW)     Tip: 1.8     2.0     2.5     2.5 Syncro     2.5     2.5 Syncro   Model: TRANSPORTER IV   (70XA)     Tip: 2.0     2.5     2.5 Syncro     2.5     2.5 Syncro   Model: TRANSPORTER IV  (70XD)     Tip: 2.0     2.5     2.5 Syncro     2.5     2.5 Syncro   Model: VENTO (1H2)     Tip: 1.4     1.4     1.6     1.8     1.8     2.0  Producator:AutoLuxCod:BIT3B-E03-0015"
https://www.pieseauto.ro/alte-piese-aprindere/seat/arosa/capac-delcou-skoda-octavia-1-felicia-vw-golf-132259894.html?ssk=d9af28f801c79917a3e5a53be0618d36,Capac delcou Skoda Octavia 1 Felicia Vw Golf Passat Polo Seat Arosa Ibiza 1.4 1.6 1.0,37.5 lei,Capac delcou Skoda Octavia 1 Felicia Vw Golf Passat Polo Seat Arosa Ibiza 1.4 1.6 1.0 Capac delcou Skoda Octavia 1 Felicia  Vw Golf Passat Polo  Seat Arosa Ibiza  1.4  1.6  1.0 Producator Automega Germania -pentru distribuitor BOSCH
https://www.pieseauto.ro/bobina-inductie/magnetou-gy6-125-150-11-poli-dc-12v-699628995.html?ssk=d9af28f801c79917a3e5a53be0618d36,MAGNETOU GY6 125-150 - 11 POLI (DC:12V) MTO-C17043.1,73.04 lei,MAGNETOU GY6 125-150 - 11 POLI (DC:12V) MTO-C17043.1
https://www.pieseauto.ro/bobina-inductie/magnetou-piaggio-typhoon-50-837987704.html?ssk=d9af28f801c79917a3e5a53be0618d36,MAGNETOU PIAGGIO TYPHOON 50 MTO-C17048,139.51 lei,Compatibilitati:- Gilera 50cc: Runner DT LC 97-98;- Gilera 50cc: Runner DD LC 98-01;- Gilera 50cc: Runner SP DD LC 99-01;- Gilera 50cc: Stalker DT 97-01;- Gilera 50cc: Stalker DD 97-01;- Gilera 50cc: Stalker DT Base 98-04;- Piaggio 50cc: Liberty 97-02;- Piaggio 50cc: NRG DT LC 95-96;- Piaggio 50cc: NRG MC2 DD LC 99-02;- Piaggio 50cc: NRG MC2 DT RST LC 96-98;- Piaggio 50cc: NRG MC2 DT Extreme AC 99-02;- Piaggio 50cc: NRG MC3 DD LC 01-04;- Piaggio 50cc: NRG MC3 DT AC 01-04;- Piaggio 50cc: NTT LC 96;- Piaggio 50cc: Quartz LC 92-94;- Piaggio 50cc: Quartz Maquillage LC 94-96;- Piaggio 50cc: Sfera 91-95;- Piaggio 50cc: Sfera RST AC 95-97;- Piaggio 50cc: Typhoon 93-99;- Piaggio 50cc: Typhoon X 99-00;- Piaggio 50cc: Typhoon XR 00;- Piaggio 50cc: Zip 94-96;- Piaggio 50cc: Zip Base RST 96-99;- Piaggio 50cc: Zip Base DT RST 99-01;- Piaggio 50cc: Zip SP LC 96-03;- Piaggio 50cc: Zip Fast Rider 95-96;- Piaggio 50cc: Zip RST Fast Rider 96-98.
https://www.pieseauto.ro/bobina-inductie/magnetou-honda-50-af18-25-27-28-tact30-31-6-poli-56875002.html?ssk=d9af28f801c79917a3e5a53be0618d36,"MAGNETOU HONDA 50 AF18/25/27/28, TACT30/31 - 6 POLI MTO-C17048.2",67.78 lei,Specificatii:Stator cu 6 poli;Diametru exterior: 83mm.Compatibilitati:- Honda 50cc: Dio;- Honda 50cc: Vision;- Honda 50cc: Vision Met In;- Kymco 50cc: DJ X;- Peugeot 50c: Rapido;- Peugeot 50cc: ST.
https://www.pieseauto.ro/bobina-inductie/magnetou-yamaha-jog-50-635438491.html?ssk=d9af28f801c79917a3e5a53be0618d36,MAGNETOU YAMAHA JOG 50 MTO-C17046,87.3 lei,MAGNETOU YAMAHA JOG 50 MTO-C17046
https://www.pieseauto.ro/bobina-inductie/siguranta-electrica-893265949.html?ssk=d9af28f801c79917a3e5a53be0618d36,SIGURANTA ELECTRICA MTO-C17060,1.82 lei,SIGURANTA ELECTRICA MTO-C17060
https://www.pieseauto.ro/bobina-inductie/ventilator-magnetou-gy6-125-150-991720792.html?ssk=d9af28f801c79917a3e5a53be0618d36,VENTILATOR MAGNETOU GY6 125-150 MTO-C17058.1,15.9 lei,VENTILATOR MAGNETOU GY6 125-150 MTO-C17058.1
https://www.pieseauto.ro/bujii/renault/megane/bujie-oe-renault-clio-3-4-megane-3-scenic-3-1186925089.html?ssk=d9af28f801c79917a3e5a53be0618d36,"Bujie OE Renault Clio 3, 4, Megane 3, scenic 3, Twingo 2 , 1.2 16V si 1.4 16V , originale 8200587901 Kft Auto",55.35 lei,"Bujie OE Renault Clio 3, 4, Megane 3, scenic 3, Twingo 2 , 1.2 16V si 1.4 16V , originale 8200587901 Kft AutoBujie OE Renault Clio 3, 4, Megane 3, scenic 3, Twingo 2 , 1.2 16V si 1.4 16V , originale 8200587901Producator:Automobile Dacia MioveniCod:BIT2B-8200587901"
https://www.pieseauto.ro/bujii/renault/kangoo/bujie-oe-renault-clio-2-kangoo-thalia-1-9-diesel-81195194.html?ssk=d9af28f801c79917a3e5a53be0618d36,"Bujie OE Renault Clio 2, Kangoo, Thalia 1.9 diesel, Opel Arena originale 7700100558 Kft Auto",70.2 lei,"Bujie OE Renault Clio 2, Kangoo, Thalia 1.9 diesel, Opel Arena originale 7700100558 Kft AutoBujie OE Renault Clio 2, Kangoo, Thalia 1.9 diesel, Opel Arena originale 7700100558Producator:Automobile Dacia MioveniCod:BIT2B-7700100558"
https://www.pieseauto.ro/bujii/peugeot/106/bujie-oe-renault-clio-1-megane-1-skoda-favorit-326324431.html?ssk=d9af28f801c79917a3e5a53be0618d36,"Bujie OE Renault Clio 1, Megane 1, Skoda Favorit, Felicia, Peugeot 106 , 205, 405 , Citroen , originale 7700101401 Kft Auto",17.5 lei,"Bujie OE Renault Clio 1, Megane 1, Skoda Favorit, Felicia, Peugeot 106 , 205, 405 , Citroen , originale 7700101401 Kft AutoBujie OE Renault Clio 1, Megane 1, Skoda Favorit, Felicia, Peugeot 106 , 205, 405 , Citroen , originale 7700101401Producator:Automobile Dacia MioveniCod:BIT2B-7700101401"
https://www.pieseauto.ro/bujii/dacia/duster/bujie-renault-pentru-dacia-logan-supernova-1376621014.html?ssk=d9af28f801c79917a3e5a53be0618d36,"Bujie Renault pentru Dacia Logan Super nova Solenza Sandero Duster 1.4/1.6/1.6 16V mpi , cu un electrod cod 7700274004 Kft Auto",20 lei,"Bujie Renault pentru Dacia Logan Super nova Solenza Sandero Duster 1.4/1.6/1.6 16V mpi , cu un electrod cod 7700274004 Kft AutoBujie Renault pentru Dacia Logan Super nova Solenza Sandero Duster 1.4/1.6/1.6 16V mpi  , cu un electrod , cod OE Renault- Dacia 7700274004 RC10YCL Champion . Cod Original OE Marca CFR 1 CLS ACDELCO CFR 3 CLS ACDELCO FR 1 LS ACDELCO 717 116 38 ALFA ROMEO 717 118 06 ALFA ROMEO 754 651 9 ALFA ROMEO 776 038 3 ALFA ROMEO 0 242 235 549 BOSCH 0 242 235 597 BOSCH 0 242 235 640 BOSCH 0 242 235 644 BOSCH 0 242 235 666 BOSCH 0 242 235 912 BOSCH 8 Super Plus BOSCH FR 7 DC BOSCH FR 7 DC 9 BOSCH FR 7 DCO BOSCH FR 7 DE BOSCH OE 005 CHAMPION OE 033 CHAMPION RC 10 YCL CHAMPION RC 9 YC CHAMPION RC 9 YCC CHAMPION 96 040 824 CITROEN 6001544293 DACIA K 16 PR-U DENSO K 20 PR-U DENSO Q 20 PR-U DENSO Q 20 R-U DENSO RFC 52 LS EYQUEM RFC 52 LZ EYQUEM RFC 58 LS EYQUEM 46480362 FIAT 46480363 FIAT 71711638 FIAT 7546519 FIAT 7760383 FIAT 5 099 721 FORD EBL 11480 JAGUAR EBL 2230 JAGUAR 71 711 638 LANCIA 75 465 19 LANCIA 77 603 83 LANCIA SFE 65 PRS LETRIKA AGPR 32 C MOTORCRAFT AGPR 32 CD MOTORCRAFT 2330 NGK 3783 NGK 4856 NGK 6129 NGK 6717 NGK 6962 NGK BCPR 6 E NGK BCPR 6 ES NGK BKR 6 E NGK BKR 6 ES NGK V-Line 12 NGK V-Line 28 NGK 22401-20J05 NISSAN 12 14 144 OPEL 12 14 804 OPEL DR 15 YC PAL 5962 H9 PEUGEOT 5962 K0 PEUGEOT 5962 K4 PEUGEOT 60 01 544 293 RENAULT 74 33 517 980 RENAULT 77 00 101 401 RENAULT 77 00 273 490 RENAULT 77 00 274 004 RENAULT 77 00 500 180 RENAULT 77 01 042 816 RENAULT 77 01 414 040 RENAULT 77 01 414 111 RENAULT 77 01 414 112 RENAULT 77 01 414 139 RENAULT 89 33 003 862 RENAULT BBC 057 012 SKODA GSP 4662 UNIPART GSP 664 UNIPART RF 80 H VALEO 271636-3 VOLVOProducator:Automobile Dacia MioveniCod:BIT2B-7700274004"
https://www.pieseauto.ro/bujii/renault/espace/bujie-oe-renault-18-20-21-25-espace-1-fuego-892054541.html?ssk=d9af28f801c79917a3e5a53be0618d36,"Bujie OE Renault 18, 20, 21, 25, Espace 1, Fuego, Master 1, Safrane , Trafic , Audi, Citroen, Ford, Jaguar, Mercedes, Opel, Peugeot, Volvo, originale 7700722095 Kft Auto",17.5 lei,"Bujie OE Renault 18, 20, 21, 25, Espace 1, Fuego, Master 1, Safrane , Trafic , Audi, Citroen, Ford, Jaguar, Mercedes, Opel, Peugeot, Volvo, originale 7700722095 Kft AutoBujie OE Renault 18, 20, 21, 25, Espace 1, Fuego, Master 1, Safrane , Trafic , Audi, Citroen, Ford, Jaguar, Mercedes, Opel, Peugeot, Volvo, originale 7700722095Producator:Automobile Dacia MioveniCod:BIT2B-7700722095"
https://www.pieseauto.ro/bujii/land-rover/range-rover/bujie-oe-renault-pentru-chrysler-daihatsu-lada-539728083.html?ssk=d9af28f801c79917a3e5a53be0618d36,"Bujie OE Renault pentru Chrysler Daihatsu Lada, Land Rover, Mazda Mercedes Nissan Renault Seat Toyota , 1 buc Kft Auto",22.5 lei,"Bujie OE Renault pentru Chrysler Daihatsu Lada, Land Rover, Mazda Mercedes Nissan Renault Seat Toyota , 1 buc Kft AutoBujie OE Renault pentru Chrysler Daihatsu Lada, Land Rover, Mazda Mercedes Nissan Renault Seat Toyota , 1 bucProducator:Automobile Dacia MioveniCod:BIT2B-7700725302"
https://www.pieseauto.ro/bujii/renault/espace/bujie-oe-renault-21-25-5-espace-1-fuego-audi-2104610556.html?ssk=d9af28f801c79917a3e5a53be0618d36,"Bujie OE Renault 21, 25 , 5 Espace 1, fuego , Audi, Peugeot, Volvo , originale 7700736149 Kft Auto",17.5 lei,"Bujie OE Renault 21, 25 , 5 Espace 1, fuego , Audi, Peugeot, Volvo , originale 7700736149 Kft AutoBujie OE Renault 21, 25 , 5 Espace 1, fuego , Audi, Peugeot, Volvo , originale  7700736149Producator:Automobile Dacia MioveniCod:BIT2B-7700736149"
https://www.pieseauto.ro/bujii/land-rover/range-rover/bujie-oe-renault-21-25-5-espace-1-master-1-564482548.html?ssk=d9af28f801c79917a3e5a53be0618d36,"Bujie OE Renault 21 ,25 5, Espace 1 , Master 1 , Safrane, Trafic , Citroen, Land Rover, Mercedes, Peugeot, originale 7700737458 Kft Auto",15 lei,"Bujie OE Renault 21 ,25 5, Espace 1 , Master 1 , Safrane, Trafic , Citroen, Land Rover, Mercedes, Peugeot, originale 7700737458 Kft AutoBujie OE Renault 21 ,25 5, Espace 1 , Master 1 , Safrane, Trafic , Citroen, Land Rover, Mercedes, Peugeot, originale 7700737458Producator:Automobile Dacia MioveniCod:BIT2B-7700737458"
https://www.pieseauto.ro/bujii/renault/clio/bujie-oe-renault-pentru-r19-megane-1-clio-1-rapid-11119203.html?ssk=d9af28f801c79917a3e5a53be0618d36,"Bujie OE Renault pentru R19, Megane 1, Clio 1, Rapid, Citroen , Daewoo, Mercedes, Peugeot, Saab , Ssangyong , originale Kft Auto",15 lei,"Bujie OE Renault pentru R19, Megane 1, Clio 1, Rapid, Citroen , Daewoo, Mercedes, Peugeot, Saab , Ssangyong , originale Kft AutoBujie OE Renault pentru R19, Megane 1, Clio 1, Rapid, Citroen , Daewoo, Mercedes, Peugeot, Saab , Ssangyong , originaleProducator:Automobile Dacia MioveniCod:BIT2B-7700737612"
https://www.pieseauto.ro/bujii/bujie-oe-renault-pentru-audi-citroen-ford-jaguar-1247473375.html?ssk=d9af28f801c79917a3e5a53be0618d36,"Bujie OE Renault pentru Audi Citroen Ford Jaguar Mercedes Opel Peugeot Renault Talbot Volvo , 1 buc. Kft Auto",17.5 lei,"Bujie OE Renault pentru Audi Citroen Ford Jaguar Mercedes Opel Peugeot Renault Talbot Volvo , 1 buc. Kft AutoBujie OE Renault pentru Audi Citroen Ford Jaguar Mercedes Opel Peugeot Renault Talbot Volvo , 1 buc.Producator:Automobile Dacia MioveniCod:BIT2B-7700852522"
https://www.pieseauto.ro/bujii/bujie-oe-renault-pentru-citroen-bx-peugeot-309-1435146049.html?ssk=d9af28f801c79917a3e5a53be0618d36,"Bujie OE Renault pentru Citroen BX, Peugeot 309 , 405 , Renault 21, 25, Safrane , originale OE Kft Auto",22.5 lei,"Bujie OE Renault pentru Citroen BX, Peugeot 309 , 405 , Renault 21, 25, Safrane , originale OE Kft AutoBujie OE Renault pentru Citroen BX, Peugeot 309 , 405 , Renault 21, 25, Safrane , originale OEProducator:Automobile Dacia MioveniCod:BIT2B-7700856342"
https://www.pieseauto.ro/bujii/bujie-oe-renault-dacia-bmw-audi-aro-ford-honda-941921063.html?ssk=d9af28f801c79917a3e5a53be0618d36,"Bujie OE Renault , Dacia , BMW , Audi , Aro , Ford, Honda, Kia, Lada , MazdA, Nissan , Opel , Seat , VW , Subaru , originale 7700860235 Kft Auto",17.5 lei,"Bujie OE Renault , Dacia , BMW , Audi , Aro , Ford, Honda, Kia, Lada , MazdA, Nissan , Opel , Seat , VW , Subaru , originale 7700860235 Kft AutoBujie OE Renault , Dacia , BMW , Audi , Aro , Ford, Honda, Kia, Lada , MazdA, Nissan , Opel , Seat , VW , Subaru , originale 7700860235Producator:Automobile Dacia MioveniCod:BIT2B-7700860235"
https://www.pieseauto.ro/bujii/bujie-renault-pentru-opel-nissan-fiat-honda-kia-1964637335.html?ssk=d9af28f801c79917a3e5a53be0618d36,"Bujie Renault pentru Opel, Nissan , Fiat, Honda, Kia, Lancia, Peugeot, Suzuki, Toyota, Subaru, originale 7700861472 Kft Auto",20 lei,"Bujie Renault pentru Opel, Nissan , Fiat, Honda, Kia, Lancia, Peugeot, Suzuki, Toyota, Subaru, originale 7700861472 Kft AutoBujie Renault , Opel, Nissan , Fiat, Honda, Kia, Lancia, Peugeot, Suzuki, Toyota, Subaru, originale 7700861472Producator:Automobile Dacia MioveniCod:BIT2B-7700861472"
https://www.pieseauto.ro/bujii-incandescente/honda/accord/bujie-incandescenta-oe-renault-pentru-laguna-1-1048365541.html?ssk=d9af28f801c79917a3e5a53be0618d36,"Bujie incandescenta OE Renault pentru Laguna 1, Megane 1 , Safrane , Honda Accord , Land Rover , Rover , Volvo , originale Kft Auto",52.5 lei,"Bujie incandescenta OE Renault pentru Laguna 1, Megane 1 , Safrane , Honda Accord , Land Rover , Rover , Volvo , originale Kft AutoBujie incandescenta OE Renault pentru Laguna 1, Megane 1 , Safrane , Honda Accord , Land Rover , Rover , Volvo , originaleProducator:Automobile Dacia MioveniCod:BIT2B-7700861906"
https://www.pieseauto.ro/bujii/land-rover/range-rover/bujie-oe-renault-11-9-rapid-bmw-isuzu-land-rover-1296693733.html?ssk=d9af28f801c79917a3e5a53be0618d36,"Bujie OE Renault 11, 9, Rapid, BMW, Isuzu, Land Rover, Peugeot, VW Golf, Jetta, originale 7700862054 Kft Auto",15 lei,"Bujie OE Renault 11, 9, Rapid, BMW, Isuzu, Land Rover, Peugeot, VW Golf, Jetta, originale 7700862054 Kft AutoBujie OE Renault 11, 9, Rapid, BMW, Isuzu, Land Rover, Peugeot, VW Golf, Jetta, originale 7700862054Producator:Automobile Dacia MioveniCod:BIT2B-7700862054"
https://www.pieseauto.ro/bujii/renault/clio/bujie-oe-renault-clio-1-twingo-1-motociclete-2078780873.html?ssk=d9af28f801c79917a3e5a53be0618d36,"Bujie OE Renault Clio 1, Twingo 1 , motociclete , originale 7700869200 Kft Auto",17.5 lei,"Bujie OE Renault Clio 1, Twingo 1 , motociclete , originale 7700869200 Kft AutoBujie OE Renault Clio 1, Twingo 1 , motociclete , originale 7700869200Producator:Automobile Dacia MioveniCod:BIT2B-7700869200"
https://www.pieseauto.ro/bujii/renault/clio/bujie-oe-renault-19-clio-1-espace-3-laguna-1-976992238.html?ssk=d9af28f801c79917a3e5a53be0618d36,"Bujie OE Renault 19, Clio 1, Espace 3, laguna 1, Megane 1, Safrane , Citroen BX , XM, Peugeot 309 , 405 , 605 , original 7700871617 , motorizari 1.8 16V , 3.0 , 2.0 16V, 3.0 V6, 1.9 GTI 16V Kft Auto",34 lei,"Bujie OE Renault 19, Clio 1, Espace 3, laguna 1, Megane 1, Safrane , Citroen BX , XM, Peugeot 309 , 405 , 605 , original 7700871617 , motorizari 1.8 16V , 3.0 , 2.0 16V, 3.0 V6, 1.9 GTI 16V Kft AutoBujie OE Renault 19, Clio 1, Espace 3, laguna 1, Megane 1, Safrane , Citroen BX , XM, Peugeot 309 , 405 , 605 , original 7700871617 , motorizari 1.8 16V , 3.0 , 2.0 16V, 3.0 V6, 1.9 GTI 16VProducator:Automobile Dacia MioveniCod:BIT2B-7700871617"
https://www.pieseauto.ro/bujii/renault/espace/bujie-oe-renault-pentru-r18-r19-r21-r25-espace-1464812065.html?ssk=83c6888228fb043506c38f9c5b68c0bf,"Bujie OE Renault pentru R18, R19, R21, R25, Espace, Safrane, Trafic, Audi, Citroen, Ford, Jaguar, Mercedes, Opel, Peugeot, Talbot, Volvo, 1 buc, originale Kft Auto",15 lei,"Bujie OE Renault pentru R18, R19, R21, R25, Espace, Safrane, Trafic, Audi, Citroen, Ford, Jaguar, Mercedes, Opel, Peugeot, Talbot, Volvo, 1 buc, originale Kft AutoBujie OE Renault pentru R18, R19, R21, R25, Espace, Safrane, Trafic, Audi, Citroen, Ford, Jaguar, Mercedes, Opel, Peugeot, Talbot, Volvo, 1 buc, originaleProducator:Automobile Dacia MioveniCod:BIT2B-7701365437"
https://www.pieseauto.ro/bujii/bujie-m-14x1-25-filet-17-5mm-renault-r11-r18-r9-107325420.html?ssk=83c6888228fb043506c38f9c5b68c0bf,"Bujie M 14x1,25, filet 17,5mm, Renault R11 R18 R9, originala Renault 7701366084 Kft Auto",43.5 lei,"Bujie M 14x1,25, filet 17,5mm, Renault R11 R18 R9, originala Renault 7701366084 Kft Auto Bujie M 14x1,25, filet 17,5mm, Renault R11 R18 R9, originala Renault 7701366084 Coduri OE pt referinta RENAULT: 7700500036, 7701366084, 7701366085 Coduri OE : Z057128   LAMBORGHINI  COUNTACH cupe [01/1974-12/1991]  LP500 [01/1974-12/1974] (4971cmc   324kW   440CP)   LAMBORGHINI  ESPADA cupe [01/1968-12/1981]  400 GT [01/1968-12/1981] (3929cmc   257kW   350CP)   LAMBORGHINI  JALPA cupe [01/1982-12/1987]  P 350 [01/1982-12/1987] (3485cmc   188kW   255CP)   LAMBORGHINI  JARAMA cupe [01/1968-12/1976]  400 GTS [01/1968-12/1976] (3929cmc   268kW   365CP)   LAMBORGHINI  URRACO cupe [01/1974-12/1981]  P200 [01/1975-12/1981] (1994cmc   133kW   182CP)   RENAULT  11 (B/C37_) hatchback [03/1983-07/1989]  1.4 Turbo (B/C375) [04/1984-12/1986] (1397cmc   77kW   105CP) C1J 760, C1J 764    RENAULT  11 (B/C37_) hatchback [03/1983-07/1989]  1.4 Turbo (B/C375) [10/1986-12/1988] (1397cmc   85kW   115CP) C1J 770, C1J 782    RENAULT  18 (134_) limuzina [04/1978-11/1993]  1.6 Turbo (1345) [10/1980-09/1982] (1565cmc   80kW   109CP) 807 727    RENAULT  18 (134_) limuzina [04/1978-11/1993]  1.6 Turbo (1345) [10/1982-07/1986] (1565cmc   92kW   125CP) A5L 717, A5L 718    RENAULT  18 (134_) limuzina [04/1978-11/1993]  1.6 Turbo Inj. [09/1982-07/1986] (1647cmc   82kW   112CP) A7L 752    RENAULT  18 Break (135_) combi [02/1979-11/1993]  1.6 Turbo (1355) [09/1982-07/1986] (1565cmc   80kW   109CP) 807 727    RENAULT  18 Break (135_) combi [02/1979-11/1993]  1.6 Turbo [10/1982-07/1986] (1565cmc   92kW   125CP) A5L 717, A5L 718    RENAULT  9 (L42_) limuzina [09/1981-02/1997]  1.4 Turbo (L425) [04/1984-12/1986] (1397cmc   77kW   105CP) C1J 760, C1J 764    RENAULT  9 (L42_) limuzina [09/1981-02/1997]  1.4 Turbo [12/1986-12/1989] (1397cmc   85kW   116CP) C1J 760, C1J 764    RENAULT  FUEGO (136_) cupe [02/1980-11/1992]  1.6 Turbo (1365) [08/1983-10/1985] (1565cmc   97kW   132CP) A5L 750    RENAULT  SUPER 5 (B/C40_) hatchback [10/1984-12/1996]  1.4 Turbo (C405) [04/1985-08/1990] (1397cmc   88kW   120CP) C1J 782, C1J 784, C1J 788 Producator:Automobile Dacia MioveniCod:BIT2B-7701366084"
https://www.pieseauto.ro/bujii/bujie-oe-renault-audi-citroen-ford-mercedes-opel-1717587058.html?ssk=83c6888228fb043506c38f9c5b68c0bf,"Bujie OE Renault, Audi, Citroen, Ford , Mercedes, Opel , Peugeot, Volvo , originale 7701366137 Kft Auto",15 lei,"Bujie OE Renault, Audi, Citroen, Ford , Mercedes, Opel , Peugeot, Volvo , originale 7701366137 Kft AutoBujie OE Renault, Audi, Citroen, Ford , Mercedes, Opel , Peugeot, Volvo , originale 7701366137Producator:Automobile Dacia MioveniCod:BIT2B-7701366137"
https://www.pieseauto.ro/bobina-inductie/dacia/logan/bobina-inductie-dacia-logan-sandero-1-2-16v-559118390.html?ssk=83c6888228fb043506c38f9c5b68c0bf,"Bobina inductie Dacia Logan, Sandero 1.2 16V , Renault Clio 2, Kangoo , Thalia , Nissan Almera Micra Note originala OE 8200084401 Renault cu fise bujii Kft Auto",360.8 lei,"Bobina inductie Dacia Logan, Sandero 1.2 16V , Renault Clio 2, Kangoo , Thalia , Nissan Almera Micra Note originala OE 8200084401 Renault cu fise bujii Kft Auto table {   border-collapse: collapse;   border-spacing: 0;   width: 100%;   border: 1px solid #ddd; }  th, td {   text-align: left;   padding: 8px; }  tr:nth-child(even){background-color: #f2f2f2}   Bobina inductie Dacia Logan, Sandero 1.2 16V , Renault Clio 2, Kangoo , Thalia , Nissan Almera Micra Note originala OE Renault .   -4 poli -inclusiv fise aprindere bujii"
https://www.pieseauto.ro/bujii/land-rover/range-rover/bujie-oe-renault-mercedes-bmw-fiat-ford-hyundai-989883927.html?ssk=83c6888228fb043506c38f9c5b68c0bf,"Bujie OE Renault , Mercedes, BMW, Fiat, Ford, Hyundai, Iveco, Jeep, Land Rover, Seat, Volvo, originale 8200090817 Kft Auto",49.5 lei,"Bujie OE Renault , Mercedes, BMW, Fiat, Ford, Hyundai, Iveco, Jeep, Land Rover, Seat, Volvo, originale 8200090817 Kft AutoBujie OE Renault , Mercedes, BMW, Fiat, Ford, Hyundai, Iveco, Jeep, Land Rover, Seat, Volvo, originale 8200090817Producator:Automobile Dacia MioveniCod:BIT2B-8200090817"
https://www.pieseauto.ro/bujii/renault/kangoo/bujie-oe-renault-clio-2-kangoo-thalia-1-9-diesel-1401735317.html?ssk=83c6888228fb043506c38f9c5b68c0bf,"Bujie OE Renault Clio 2, Kangoo, Thalia 1.9 diesel, Opel Arena originale 8200423224 Kft Auto",71.55 lei,"Bujie OE Renault Clio 2, Kangoo, Thalia 1.9 diesel, Opel Arena originale 8200423224 Kft AutoBujie OE Renault Clio 2, Kangoo, Thalia 1.9 diesel, Opel Arena originale 8200423224Producator:Automobile Dacia MioveniCod:BIT2B-8200423224"
https://www.pieseauto.ro/bujii/renault/espace/bujie-oe-renault-incandescenta-espace-laguna-441433588.html?ssk=83c6888228fb043506c38f9c5b68c0bf,"Bujie OE Renault Incandescenta Espace , Laguna, Master 2, Trafic 2, Vel Satis 2.2 dCi, Opel , Nissan , originale 8200445627 Kft Auto",83.2 lei,"Bujie OE Renault Incandescenta Espace , Laguna, Master 2, Trafic 2, Vel Satis 2.2 dCi, Opel , Nissan , originale 8200445627 Kft AutoBujie OE Renault Incandescenta Espace , Laguna, Master 2, Trafic 2, Vel Satis 2.2 dCi, Opel , Nissan , originale 8200445627Producator:Automobile Dacia MioveniCod:BIT2B-8200445627"
https://www.pieseauto.ro/bobina-inductie/dacia/duster/bobina-inductie-dacia-logan-sandero-duster-1-6-752716267.html?ssk=83c6888228fb043506c38f9c5b68c0bf,"Bobina Inductie Dacia Logan, Sandero, Duster 1.6 16V , Opel Vivaro , Renault Clio Fluence Scenic Laguna Megane Symbol 1.4 16V / 1.6 16V originala Renault Kft Auto",157.38 lei,"Bobina Inductie Dacia Logan, Sandero, Duster 1.6 16V , Opel Vivaro , Renault Clio Fluence Scenic Laguna Megane Symbol 1.4 16V / 1.6 16V originala Renault Kft AutoBobina Inductie Dacia Logan Sandero Duster 1.6 16V , Opel Vivaro , Renault Clio Fluence Scenic Laguna Megane Symbol 1.4 16V / 1.6 16V originala Renault . Bobina sistem aprindere : pt. aprindere complet electronicaBobina aprindere : inclusiv fisa aprinere bujieBobina aprindere : Tip conector SAETensiune de lucru [V] : 12Numar poli : 2Echipament vehicul : pt. veh. fara distr. aprindereNumar bucati necesare : 4 DACIA : 8200765882GENERAL Motoras : 91159996GENERAL Motoras : 93161188NISSAN : 2244800Q0ANISSAN : 2244800Q0BNISSAN : 2244800QAANISSAN : 2244800QABNISSAN : 2244800QAHNISSAN : 224486N011NISSAN : 2244800QAEOPEL : 4413233OPEL : 4408389RENAULT : 7700113357RENAULT : 8200568671RENAULT : 8200765882RENAULT : 8200380267RENAULT : 8200405098VAUXHALL : 4413233VAUXHALL : 99159996AIRTEX : 5C1620BBT : IC15100BERU : ZS052BERU : 0040100052BOSCH : 0986221045BOUGICORD : 156200BREMI : 20111DELPHI : CE2001412B1ERA : 880009FACET : 96332FAE : 80203FEBI BILSTEIN : 21666FISPA : 8530164HELLA : 5DA749475781HERTH+BUSS ELPARTS : 19050010HOFFER : 8010300HÜCO : 133800JANMOR : JM5008LUCAS ELECTRICAL : DMB804MAPCO : 80405MEAT & DORIA : 10300METZGER : 0880200MEYLE : 16148850000NGK : 48002QUINTON HAZELL : XIC8187SIDAT : 8530164STANDARD : IIS010STANDARD : CU1008STANDARD : CP001STANDARD : 12711SWAG : 60921666TESLA : CL100TOPRAN : 207022TRISCAN : 886025004VALEO : 245104VEMO : V46700001 DACIA DUSTER 1.6 16V LPG 77kw 105CP 1598cmc, 2011/04->, autoturism de teren, inchis; DACIA DUSTER 1.6 16V 77kw 105CP 1598cmc, 2010/04->, autoturism de teren, inchis; DACIA DUSTER 1.6 16V 4x4 77kw 105CP 1598cmc, 2010/06->, autoturism de teren, inchis; DACIA LOGAN (LS_) 1.6 16V (LS0M) 77kw 105CP 1598cmc, 2006/02->, limuzina; NISSAN KUBISTAR (X76) 1.6 16V 70kw 95CP 1598cmc, 2003/08->, microbus; NISSAN PRIMASTAR bus (X83) 2.0 88kw 120CP 1998cmc, 2001/03->, bus; NISSAN PRIMASTAR caroserie (X83) 2.0 88kw 120CP 1998cmc, 2003/02->, caroserie; OPEL VIVARO Combi (J7) 2.0 16V 88kw 120CP 1998cmc, 2001/08->, bus; OPEL VIVARO caroserie (F7) 2.0 16V 88kw 120CP 1998cmc, 2001/08->, caroserie; RENAULT AVANTIME (DE0_) 2.0 16V Turbo (DE0U, DE0V) 120kw 163CP 1998cmc, 2001/11-2003/05, microbus; RENAULT CLIO Grandtour (KR0/1_) 1.4 16V 72kw 98CP 1390cmc, 2010/02->, combi; RENAULT CLIO II (BB0/1/2_, CB0/1/2_) 1.4 16V (B/CB0P) 72kw 98CP 1390cmc, 2000/08->, hatchback; RENAULT CLIO II (BB0/1/2_, CB0/1/2_) 2.0 16V Sport (CB0M) 124kw 169CP 1998cmc, 2000/02->, hatchback; RENAULT CLIO II (BB0/1/2_, CB0/1/2_) 1.4 16V (B/CB0L) 70kw 95CP 1390cmc, 1999/10-2004/09, hatchback; RENAULT CLIO II (BB0/1/2_, CB0/1/2_) 1.6 (B/CB0D) 66kw 90CP 1598cmc, 1998/09-2005/05, hatchback; RENAULT CLIO II (BB0/1/2_, CB0/1/2_) 1.6 16V (BB01, BB0H, BB0T, BB14, BB1D, BB1R, BB2KL...) 79kw 107CP 1598cmc, 1998/09->, hatchback; RENAULT ESPACE III (JE0_) 2.0 16V (JE0N, JE0L, JE02) 103kw 140CP 1998cmc, 1998/10-2002/10, microbus; RENAULT ESPACE IV (JK0/1_) 2.0 (JK09) 100kw 136CP 1998cmc, 2002/11->, microbus; RENAULT ESPACE IV (JK0/1_) 2.0 Turbo (JK0B, JK0N) 120kw 163CP 1998cmc, 2002/11->, microbus; RENAULT GRAND SCÉNIC II (JM0/1_) 1.6 83kw 113CP 1598cmc, 2004/04->, microbus; RENAULT GRAND SCÉNIC II (JM0/1_) 2.0 99kw 135CP 1998cmc, 2004/04->, microbus; RENAULT GRAND SCÉNIC II (JM0/1_) 2.0 120kw 163CP 1998cmc, 2004/04->, microbus; RENAULT KANGOO (KC0/1_) 1.6 16V 4x4 (KC0P, KC0S, KC0L) 70kw 95CP 1598cmc, 2001/10->, microbus; RENAULT KANGOO (KC0/1_) 1.6 16V 70kw 95CP 1598cmc, 2001/06->, microbus; RENAULT KANGOO Express (FC0/1_) 1.6 16V 70kw 95CP 1598cmc, 2001/10->, caroserie; RENAULT KANGOO Express (FC0/1_) 1.6 16V 4x4 (FC0L, FC0P, FC0S) 70kw 95CP 1598cmc, 2001/10->, caroserie; RENAULT LAGUNA I (B56_, 556_) 1.6 16V (B568, B561) 79kw 107CP 1598cmc, 1997/11-2001/03, hatchback; RENAULT LAGUNA I (B56_, 556_) 1.8 16V (B563, B564) 88kw 120CP 1783cmc, 1998/04-2001/03, hatchback; RENAULT LAGUNA I (B56_, 556_) 2.0 16V (556A/B) 103kw 140CP 1998cmc, 1999/09-2001/03, hatchback; RENAULT LAGUNA I Grandtour (K56_) 1.6 16V (K568) 79kw 107CP 1598cmc, 1997/11-2001/03, combi; RENAULT LAGUNA I Grandtour (K56_) 1.8 16V (K563, K564) 88kw 120CP 1783cmc, 1998/04-2001/03, combi; RENAULT LAGUNA II (BG0/1_) 2.0 16V (BG00, BG0K, BG0P, BG0W) 99kw 135CP 1998cmc, 2002/08->, hatchback; RENAULT LAGUNA II (BG0/1_) 2.0 16V Turbo (BG0S, BG0Z, BG1L, BG1M) 120kw 163CP 1998cmc, 2003/01->, hatchback; RENAULT LAGUNA II (BG0/1_) 1.8 16V (BG0B, BG0C, BG0J, BG0M, BG0V) 89kw 121CP 1783cmc, 2001/03->, hatchback; RENAULT LAGUNA II (BG0/1_) 1.6 16V (BG0A, BG0L) 79kw 107CP 1598cmc, 2001/03->, hatchback; RENAULT LAGUNA II (BG0/1_) 1.8 16V (BG0B, BG0M) 88kw 120CP 1783cmc, 2001/03->, hatchback; RENAULT LAGUNA II Grandtour (KG0/1_) 1.8 16V 89kw 121CP 1783cmc, 2001/03->, combi; RENAULT LAGUNA II Grandtour (KG0/1_) 2.0 16V Turbo (KG0S, KG0Z, KG1L, KG1M) 120kw 163CP 1998cmc, 2003/01->, combi; RENAULT LAGUNA II Grandtour (KG0/1_) 2.0 16V (KG00, KG0K, KG0W) 99kw 135CP 1998cmc, 2002/08->, combi; RENAULT LAGUNA II Grandtour (KG0/1_) 1.6 16V (KG0A, KG0L) 79kw 107CP 1598cmc, 2001/03->, combi; RENAULT LAGUNA II Grandtour (KG0/1_) 1.8 16V (KG0B, KG0M) 88kw 120CP 1783cmc, 2001/03->, combi; RENAULT LAGUNA II Grandtour (KG0/1_) 1.8 16V (KG0J) 85kw 116CP 1783cmc, 2001/03->, combi; RENAULT MEGANE I (BA0/1_) 1.4 16V (BA0D, BA1H, BA0W, BA10) 70kw 95CP 1390cmc, 1999/03-2003/08, hatchback; RENAULT MEGANE I (BA0/1_) 1.6 16V (BA11, BA04, BA0B, BA1J) 79kw 107CP 1598cmc, 1999/03-2003/08, hatchback; RENAULT MEGANE I (BA0/1_) 1.8 16V (BA06, BA12, BA1A, BA1M, BA1R) 85kw 115CP 1783cmc, 2001/01-2003/08, hatchback; RENAULT MEGANE I Cabriolet (EA0/1_) 1.4 16V (EA0D, EA1H, EA0W, EA10) 70kw 95CP 1390cmc, 1999/03-2003/08, Cabriolet; RENAULT MEGANE I Cabriolet (EA0/1_) 1.6 16V (EA0B, EA04, EA11) 79kw 107CP 1598cmc, 1999/03-2003/08, Cabriolet; RENAULT MEGANE I Classic (LA0/1_) 1.8 16V (LA06, LA12, LA1A, LA1M, LA1R) 85kw 115CP 1783cmc, 2001/01-2003/08, limuzina; RENAULT MEGANE I Classic (LA0/1_) 1.6 16V (La04, LA11, LA0B, LA1C, LA1J) 79kw 107CP 1598cmc, 1999/03-2003/08, limuzina; RENAULT MEGANE I Classic (LA0/1_) 1.4 16V (LA0D, LA1H, lA0W, LA10) 70kw 95CP 1390cmc, 1999/03-2003/08, limuzina; RENAULT MEGANE I Coach (DA0/1_) 1.4 16V (DA0D, DA1H, DA0W, DA10) 70kw 95CP 1390cmc, 1999/03-2003/08, cupe; RENAULT MEGANE I Coach (DA0/1_) 1.6 16V (DA0B, DA04, DA11) 79kw 107CP 1598cmc, 1999/03-2003/08, cupe; RENAULT MEGANE I Coach (DA0/1_) 2.0 16V 102kw 139CP 1998cmc, 2002/01-2003/08, cupe; RENAULT MEGANE I Grandtour (KA0/1_) 1.6 16V (KA0B, KA04, KA11) 79kw 107CP 1598cmc, 1999/03-2003/08, combi; RENAULT MEGANE I Grandtour (KA0/1_) 1.8 16V (KA0S, KA12, KA1A, KA1M, KA1R) 85kw 115CP 1783cmc, 2001/01-2003/08, combi; RENAULT MEGANE I Grandtour (KA0/1_) 1.4 16V (KA0D, KA1H, KA0W, KA10) 70kw 95CP 1390cmc, 1999/03-2003/08, combi; RENAULT MEGANE II (BM0/1_, CM0/1_) 2.0 16V (BM0U, CM0U) 99kw 135CP 1998cmc, 2002/11->, hatchback; RENAULT MEGANE II (BM0/1_, CM0/1_) 1.6 16V (BM0C, CM0C) 83kw 113CP 1598cmc, 2002/11->, hatchback; RENAULT MEGANE II (BM0/1_, CM0/1_) 1.4 16V (BM0B, CM0B) 72kw 98CP 1390cmc, 2002/11->, hatchback; RENAULT MEGANE II (BM0/1_, CM0/1_) 2.0 Renault Sport 165kw 224CP 1998cmc, 2004/05->, hatchback; RENAULT MEGANE II Coupé-Cabriolet (EM0/1_) 1.6 83kw 113CP 1598cmc, 2003/09->, Cabriolet; RENAULT MEGANE II Coupé-Cabriolet (EM0/1_) 2.0 99kw 135CP 1998cmc, 2003/09->, Cabriolet; RENAULT MEGANE II combi (KM0/1_) 2.0 99kw 135CP 1998cmc, 2003/08->, combi; RENAULT MEGANE II combi (KM0/1_) 1.6 83kw 113CP 1598cmc, 2003/08->, combi; RENAULT MEGANE II combi (KM0/1_) 1.4 72kw 98CP 1390cmc, 2003/08->, combi; RENAULT MEGANE II limuzina (LM0/1_) 2.0 99kw 135CP 1998cmc, 2003/09->, limuzina; RENAULT MEGANE II limuzina (LM0/1_) 1.6 83kw 113CP 1598cmc, 2003/09->, limuzina; RENAULT MEGANE II limuzina (LM0/1_) 1.4 72kw 98CP 1390cmc, 2003/09->, limuzina; RENAULT MEGANE Scenic (JA0/1_) 1.6 16V (JA0B, JA04, JA11) 79kw 107CP 1598cmc, 1998/04-1999/10, microbus; RENAULT MODUS / GRAND MODUS (F/JP0_) 1.4 (JP01, JP0J) 72kw 98CP 1390cmc, 2004/12->, hatchback; RENAULT MODUS / GRAND MODUS (F/JP0_) 1.6 (JP03, JP0B, JP0U, JP0Y, JP1G) 82kw 112CP 1598cmc, 2004/12->, hatchback; RENAULT MODUS / GRAND MODUS (F/JP0_) 1.6 (JP0L, JP0V) 65kw 88CP 1598cmc, 2004/12->, hatchback; RENAULT SCÉNIC I (JA0/1_) 2.0 16V (JA1B, JA1D) 102kw 139CP 1998cmc, 2000/07-2003/08, microbus; RENAULT SCÉNIC I (JA0/1_) 2.0 16V RX4 102kw 139CP 1998cmc, 2000/06-2003/08, microbus; RENAULT SCÉNIC I (JA0/1_) 1.8 16V (JA12, JA1R, JA1M, JA1A) 85kw 115CP 1783cmc, 2001/01-2003/08, microbus; RENAULT SCÉNIC I (JA0/1_) 1.4 16V (JA0D, JA1H, Ja0W, JA10) 70kw 95CP 1390cmc, 1999/09-2003/08, microbus; RENAULT SCÉNIC II (JM0/1_) 1.4 (JM0B, JM0H, JM1A) 72kw 98CP 1390cmc, 2003/06->, microbus; RENAULT SCÉNIC II (JM0/1_) 1.6 (JM0C, JM0J, JM1B) 83kw 113CP 1598cmc, 2003/06->, microbus; RENAULT SCÉNIC II (JM0/1_) 2.0 (JM05, JM0U, JM1N, JM1U, JM2V) 99kw 135CP 1998cmc, 2003/06->, microbus; RENAULT SYMBOL I (LB0/1/2_) 1.4 16V 72kw 98CP 1390cmc, 2000/08->, limuzina; RENAULT TRAFIC II bus (JL) 2.0 (JL0A) 88kw 120CP 1998cmc, 2001/03->, bus; RENAULT TRAFIC II caroserie (FL) 2.0 (FL0A) 88kw 120CP 1998cmc, 2001/03->, caroserie; RENAULT VEL SATIS (BJ0_) 2.0 16V Turbo (BJ0K) 120kw 163CP 1998cmc, 2002/06->, microbus; RENAULT VEL SATIS (BJ0_) 2.0 16v  Turbo 125kw 170CP 1998cmc, 2004/04->, microbus; RENAULT WIND (E4M_) 1.6 (E4MB, E4MC) 98kw 133CP 1598cmc, 2010/07->, Cabriolet; RENAULT WIND (E4M_) 1.2 (E4MF) 74kw 101CP 1149cmc, 2010/07->, Cabriolet;Producator:Automobile Dacia MioveniCod:BIT2B-8200765882"
https://www.pieseauto.ro/bujii/dacia/duster/bujie-renault-pentru-dacia-lodgy-logan-sandero-1919410437.html?ssk=83c6888228fb043506c38f9c5b68c0bf,"Bujie Renault pentru Dacia Lodgy, Logan , Sandero, duster, Solenza , Audi, Citroen, Jeep, Kia, Nissan , Opel, Seat, Skoda, originale 8933003862 Kft Auto",20 lei,"Bujie Renault pentru Dacia Lodgy, Logan , Sandero, duster, Solenza , Audi, Citroen, Jeep, Kia, Nissan , Opel, Seat, Skoda, originale 8933003862 Kft AutoBujie Renault, Dacia Lodgy, Logan , Sandero, duster, Solenza , Audi, Citroen, Jeep, Kia, Nissan , Opel, Seat, Skoda, originale 8933003862Producator:Automobile Dacia MioveniCod:BIT2B-8933003862"
https://www.pieseauto.ro/bujii-incandescente/nissan/patrol/bujie-incandescenta-ngk-pentru-renault-master-2-3-1925562383.html?ssk=83c6888228fb043506c38f9c5b68c0bf,"Bujie incandescenta NGK pentru Renault Master 2 (3.0 dCi 140) si Nissan Patrol GR 2 (Y61) 2.0 Dti 2006- , 1 buc Kft Auto",97.2 lei,"Bujie incandescenta NGK pentru Renault Master 2 (3.0 dCi 140) si Nissan Patrol GR 2 (Y61) 2.0 Dti 2006- , 1 buc Kft AutoBujie incandescenta NGK pentru Renault Master 2 (3.0 dCi 140) si Nissan Patrol GR 2 (Y61) 2.0 Dti 2006- , 1 bucProducator:Automobile Dacia MioveniCod:BIT2B-Y-522J-5939"
https://www.pieseauto.ro/bujii-incandescente/mercedes/m-class-w164/bujie-incandescenta-beru-0100266011mercedes-benz-595634726.html?ssk=83c6888228fb043506c38f9c5b68c0bf,"Bujie incandescenta Beru 0100266011Mercedes-Benz R-Class (W251, V251) Sprinter 3,5-T Caroserie (906) Sprinter 3,5-T Bus (906) S-Class (W221) M-Class (W164) Sprinter 5-T Platou / Sasiu (906) Sprinter Kft Auto",80.6 lei,"Bujie incandescenta Beru 0100266011Mercedes-Benz R-Class (W251, V251) Sprinter 3,5-T Caroserie (906) Sprinter 3,5-T Bus (906) S-Class (W221) M-Class (W164) Sprinter 5-T Platou / Sasiu (906) Sprinter Kft AutoBujie incandescenta Beru 0100266011Mercedes-Benz R-Class (W251, V251) Sprinter 3,5-T Caroserie (906) Sprinter 3,5-T Bus (906) S-Class (W221) M-Class (W164) Sprinter 5-T Platou / Sasiu (906) Sprinter 5-T Caroserie (906) Vito Bus (W639) Vito / Mixto Caroserie (W639) Viano (W639) Sprinter 3-T Platou / Sasiu (906) Sprinter 3,5-T Platou / Sasiu (906) Sprinter 4,6-T Platou / Sasiu (906) Sprinter 3-T Caroserie (906) A-Class (W169) C-Class T-Model (S203) C-Class (W204) C-Class (W203) B-Class (W245) C-Class T-Model (S204) Commander (Xk) Grand Cherokee 3 (Wh, Wk) 300 C Touring (Lx) Sprinter 4,6-T Caroserie (906) 300 C (Lx) Gl-Class (X164) Glk-Class (X204) G-Class (W461) E-Class T-Model (S211) E-Class (W211) Clk Cabriolet (A209) Cls (C219) Clk (C209) Varianta bujii incandescente : bujie incandescenta tip-creionVarianta bujii incandescente : capacitate de postincandescentaVoltaj [V] : 4,4Lungime [mm] : 148Dimensiune filet : M 8 x 1,0Spirala conica : 93Deschidere cheie : 8Moment strangere de [Nm] : 8pana la moment strangere [Nm] : 10Adancime montaj [mm] : 148 MERCEDES-BENZ R-CLASS (W251, V251) R 350 CDI 4-matic (251.022, 251.122) microbus ; Pana in an fabricatie : 05/2010MERCEDES-BENZ SPRINTER 3,5-t caroserie (906) 318 CDI (906.631, 906.633, 906.635, 906.637) caroserie ; Cod motor : OM 642.992: Cod motor : OM 642.993: Pana in an fabricatie : 03/2009MERCEDES-BENZ SPRINTER 3,5-t caroserie (906) 319 CDI / BlueTEC (906.631, 906.633, 906.635, 906.637) caroserie ; MERCEDES-BENZ SPRINTER 3,5-t caroserie (906) 319 CDI / BlueTEC 4x4 (906.631, 906.633, 906.635, 906.637) caroserie ; MERCEDES-BENZ SPRINTER 3,5-t bus (906) 318 CDI (906.731, 906.733, 906.735) bus ; Cod motor : OM 642.992: Cod motor : OM 642.993: Pana in an fabricatie : 03/2009MERCEDES-BENZ SPRINTER 3,5-t bus (906) 318 CDI 4x4 (906.731, 906.733, 906.735) bus ; Cod motor : OM 642.992: Cod motor : OM 642.993: Pana in an fabricatie : 03/2009MERCEDES-BENZ SPRINTER 3,5-t bus (906) 319 CDI / BlueTEC 4x4 (906.731, 906.733, 906.735) bus ; MERCEDES-BENZ SPRINTER 3,5-t bus (906) 319 CDI / BlueTEC (906.731, 906.733, 906.735) bus ; MERCEDES-BENZ S-CLASS (W221) S 320 CDI 4-matic (221.080, 221.180) limuzina ; incepand cu an fabricatie : 12/2006: Pana in an fabricatie : 04/2009MERCEDES-BENZ S-CLASS (W221) S 420 CDI / S 450 CDI (221.028, 221.128) limuzina ; incepand cu an fabricatie : 12/2006: Pana in an fabricatie : 04/2009MERCEDES-BENZ S-CLASS (W221) S 320 CDI (221.022, 221.122) limuzina ; Pana in an fabricatie : 04/2009MERCEDES-BENZ R-CLASS (W251, V251) R 300 CDI 4-matic (251.020) microbus ; Pana in an fabricatie : 05/2010MERCEDES-BENZ R-CLASS (W251, V251) R 300 CDI (251.021, 251.121, 251.026, 251.126) microbus ; Cod motor : OM 642.950: Pana in an fabricatie : 05/2010MERCEDES-BENZ R-CLASS (W251, V251) R 280 CDI (251.121, 251.026, 251.126) microbus ; Cod motor : OM 642.950: incepand cu an fabricatie : 05/2007: Pana in an fabricatie : 04/2009MERCEDES-BENZ R-CLASS (W251, V251) R 280 CDI 4-matic (251.020) microbus ; Pana in an fabricatie : 04/2009MERCEDES-BENZ R-CLASS (W251, V251) R 320 CDI 4-matic (251.022, 251.122) microbus ; Pana in an fabricatie : 05/2009MERCEDES-BENZ M-CLASS (W164) ML 450 CDI 4-matic (164.128) autoturism de teren, inchis ; Pana in an fabricatie : 01/2011MERCEDES-BENZ M-CLASS (W164) ML 350 CDI 4-matic (164.122) autoturism de teren, inchis ; Pana in an fabricatie : 01/2010MERCEDES-BENZ SPRINTER 5-t platou / sasiu (906) 518 CDI (906.153, 906.155, 906.253, 906.255) platou / sasiu ; Cod motor : OM 642.992: Cod motor : OM 642.993: Pana in an fabricatie : 03/2009MERCEDES-BENZ SPRINTER 3,5-t caroserie (906) 318 CDI 4x4 (906.631, 906.633, 906.635, 906.637) caroserie ; Cod motor : OM 642.992: Cod motor : OM 642.993: Pana in an fabricatie : 03/2009MERCEDES-BENZ R-CLASS (W251, V251) R 320 CDI 4-matic (251.125) microbus ; incepand cu an fabricatie : 06/2007: Pana in an fabricatie : 05/2009MERCEDES-BENZ SPRINTER 5-t caroserie (906) 519 CDI / BlueTEC 4x4 (906.653, 906.655, 906.657) caroserie ; MERCEDES-BENZ VITO bus (W639) 120 CDI bus ; Pana in an fabricatie : 07/2010MERCEDES-BENZ VITO / MIXTO caroserie (W639) 120 CDI caroserie ; Pana in an fabricatie : 07/2010MERCEDES-BENZ VIANO (W639) CDI 3.0 microbus ; incepand cu an fabricatie : 04/2006: Pana in an fabricatie : 08/2010MERCEDES-BENZ SPRINTER 5-t platou / sasiu (906) 518 CDI 4x4 (906.153, 906.155, 906.253, 906.255) platou / sasiu ; Cod motor : OM 642.992: Cod motor : OM 642.993: Pana in an fabricatie : 03/2009MERCEDES-BENZ SPRINTER 3-t platou / sasiu (906) 218 CDI (906.111, 906.113, 906.211, 906.213) platou / sasiu ; Cod motor : OM 642.992: Pana in an fabricatie : 03/2009MERCEDES-BENZ SPRINTER 5-t platou / sasiu (906) 519 CDI / BlueTEC (906.153, 906.155, 906.253, 906.255) platou / sasiu ; MERCEDES-BENZ M-CLASS (W164) ML 300 CDI 4-matic (164.120) autoturism de teren, inchis ; Pana in an fabricatie : 12/2010MERCEDES-BENZ SPRINTER 5-t caroserie (906) 518 CDI 4x4 (906.653, 906.655, 906.657) caroserie ; Cod motor : OM 642.992: Cod motor : OM 642.993: Pana in an fabricatie : 03/2009MERCEDES-BENZ SPRINTER 5-t platou / sasiu (906) 519 CDI / BlueTEC 4x4 (906.153, 906.155, 906.253, 906.255) platou / sasiu ; MERCEDES-BENZ SPRINTER 5-t caroserie (906) 519 CDI / BlueTEC (906.653, 906.655, 906.657) caroserie ; MERCEDES-BENZ SPRINTER 3,5-t platou / sasiu (906) 319 CDI / BlueTEC 4x4 (906.131, 906.133, 906.135...) platou / sasiu ; MERCEDES-BENZ SPRINTER 4,6-t platou / sasiu (906) 419 CDI (906.153, 906.155, 906.253, 906.255) platou / sasiu ; Cod motor : OM 642.992: Cod motor : OM 642.896MERCEDES-BENZ SPRINTER 4,6-t platou / sasiu (906) 418 CDI (906.153, 906.155, 906.253, 906.255) platou / sasiu ; Cod motor : OM 642.992: Cod motor : OM 642.993: Pana in an fabricatie : 03/2009MERCEDES-BENZ SPRINTER 3-t platou / sasiu (906) 219 CDI / BlueTEC (906.111, 906.113, 906.211, 906.213) platou / sasiu ; MERCEDES-BENZ SPRINTER 3-t caroserie (906) 219 CDI / BlueTEC (906.611, 906.613) caroserie ; MERCEDES-BENZ SPRINTER 3-t caroserie (906) 218 CDI (906.611, 906.613) caroserie ; Cod motor : OM 642.992: Pana in an fabricatie : 03/2009MERCEDES-BENZ SPRINTER 3,5-t platou / sasiu (906) 318 CDI 4x4 (906.131, 906.133, 906.135, 906.231...) platou / sasiu ; Cod motor : OM 642.992: Cod motor : OM 642.993: Pana in an fabricatie : 03/2009MERCEDES-BENZ SPRINTER 3,5-t platou / sasiu (906) 318 CDI (906.131, 906.133, 906.135, 906.231, 906.233...) platou / sasiu ; Cod motor : OM 642.992: Cod motor : OM 642.993: Pana in an fabricatie : 03/2009MERCEDES-BENZ SPRINTER 3,5-t platou / sasiu (906) 319 CDI / BlueTEC (906.131, 906.133, 906.135, 906.231...) platou / sasiu ; MERCEDES-BENZ SPRINTER 5-t caroserie (906) 518 CDI (906.653, 906.655, 906.657) caroserie ; Cod motor : OM 642.992: Cod motor : OM 642.993: Pana in an fabricatie : 03/2009MERCEDES-BENZ A-CLASS (W169) A 200 CDI (169.008, 169.308) hatchback ; Pana in an fabricatie : 04/2012: pana la model an : 2010MERCEDES-BENZ C-CLASS T-Model (S203) C 320 CDI (203.220) combi ; MERCEDES-BENZ C-CLASS (W204) C 350 CDI 4-matic (204.089) limuzina ; Pana in an fabricatie : 09/2009MERCEDES-BENZ C-CLASS (W204) C 350 CDI (204.022) limuzina ; Pana in an fabricatie : 09/2010MERCEDES-BENZ C-CLASS (W204) C 320 CDI (204.022) limuzina ; incepand cu an fabricatie : 06/2007: Pana in an fabricatie : 04/2009MERCEDES-BENZ C-CLASS (W204) C 320 CDI 4-matic (204.089) limuzina ; Pana in an fabricatie : 04/2009MERCEDES-BENZ C-CLASS (W203) C 320 CDI (203.020) limuzina ; MERCEDES-BENZ B-CLASS (W245) B 200 CDI (245.208) hatchback ; incepand cu an fabricatie : 04/2005: Pana in an fabricatie : 05/2011: pana la model an : 2010MERCEDES-BENZ B-CLASS (W245) B 180 CDI (245.207) hatchback ; incepand cu an fabricatie : 04/2005: Pana in an fabricatie : 05/2011: nu pentru norma noxe : Euro 5: pana la model an : 2010MERCEDES-BENZ C-CLASS T-Model (S204) C 320 CDI 4-matic (204.289) combi ; incepand cu an fabricatie : 09/2007: Pana in an fabricatie : 04/2009MERCEDES-BENZ A-CLASS (W169) A 160 CDI (169.006, 169.306) hatchback ; Pana in an fabricatie : 04/2012: pana la model an : 2010JEEP COMMANDER (XK) 3.0 CRD 4x4 autoturism de teren, inchis ; MERCEDES-BENZ A-CLASS (W169) A 200 CDI (169.308) hatchback ; Pana in an fabricatie : 04/2012: pana la model an : 2010JEEP GRAND CHEROKEE III (WH, WK) 3.0 CRD 4x4 autoturism de teren, inchis ; incepand cu an fabricatie : 09/2006JEEP GRAND CHEROKEE III (WH, WK) 3.0 CRD 4x4 autoturism de teren, inchis ; CHRYSLER 300 C Touring (LX) 3.0 CRD combi ; Cod motor : EXL: incepand cu an fabricatie : 10/2005: Pana in an fabricatie : 08/2010MERCEDES-BENZ M-CLASS (W164) ML 320 CDI 4-matic (164.122) autoturism de teren, inchis ; Pana in an fabricatie : 04/2009MERCEDES-BENZ SPRINTER 4,6-t caroserie (906) 419 CDI (906.653, 906.655, 906.657) caroserie ; CHRYSLER 300 C (LX) 3.0 CRD limuzina ; Cod motor : EXL: incepand cu an fabricatie : 10/2005: Pana in an fabricatie : 08/2010MERCEDES-BENZ A-CLASS (W169) A 180 CDI (169.007, 169.307) hatchback ; Pana in an fabricatie : 04/2012: pana la model an : 2010MERCEDES-BENZ GL-CLASS (X164) GL 350 CDI 4-matic (164.822) autoturism de teren, inchis ; Pana in an fabricatie : 08/2010MERCEDES-BENZ M-CLASS (W164) ML 280 CDI 4-matic (164.120) autoturism de teren, inchis ; Pana in an fabricatie : 04/2009MERCEDES-BENZ C-CLASS T-Model (S204) C 320 CDI (204.222) combi ; incepand cu an fabricatie : 09/2007: Pana in an fabricatie : 04/2009MERCEDES-BENZ M-CLASS (W164) ML 420 CDI 4-matic (164.128) autoturism de teren, inchis ; Pana in an fabricatie : 04/2009MERCEDES-BENZ GLK-CLASS (X204) 320 CDI 4-matic (204.983) autoturism de teren, inchis ; incepand cu an fabricatie : 09/2008: Pana in an fabricatie : 04/2009MERCEDES-BENZ GL-CLASS (X164) GL 450 CDI 4-matic (164.828) autoturism de teren, inchis ; Pana in an fabricatie : 12/2012MERCEDES-BENZ GL-CLASS (X164) GL 420 CDI 4-matic (164.828) autoturism de teren, inchis ; Pana in an fabricatie : 04/2009MERCEDES-BENZ GL-CLASS (X164) GL 320 CDI 4-matic (164.822) autoturism de teren, inchis ; Pana in an fabricatie : 04/2009MERCEDES-BENZ G-CLASS (W461) G 280 CDI autoturism de teren, inchis ; Pana in an fabricatie : 08/2013MERCEDES-BENZ E-CLASS T-Model (S211) E 320 T CDI 4-matic (211.289) combi ; Cod motor : OM 642.921: incepand cu an fabricatie : 04/2005MERCEDES-BENZ E-CLASS T-Model (S211) E 320 T CDI (211.222) combi ; incepand cu an fabricatie : 04/2005MERCEDES-BENZ E-CLASS T-Model (S211) E 280 T CDI (211.220) combi ; incepand cu an fabricatie : 04/2005MERCEDES-BENZ E-CLASS (W211) E 420 CDI (211.029) limuzina ; MERCEDES-BENZ CLK Cabriolet (A209) CLK 320 CDI (209.420) Cabriolet ; incepand cu an fabricatie : 04/2005: Pana in an fabricatie : 12/2009MERCEDES-BENZ E-CLASS T-Model (S211) E 280 T CDI 4-matic (211.284) combi ; incepand cu an fabricatie : 04/2005MERCEDES-BENZ CLS (C219) CLS 320 CDI (219.322) cupe ; incepand cu an fabricatie : 05/2005: Pana in an fabricatie : 04/2009: Echipament vehicul : pentru autovehicole fara sistem - SCRMERCEDES-BENZ CLS (C219) CLS 350 CDI (219.322) cupe ; incepand cu an fabricatie : 05/2009: Echipament vehicul : pentru autovehicole fara sistem - SCRMERCEDES-BENZ CLK (C209) 320 CDI (209.320) cupe ; incepand cu an fabricatie : 04/2005: Pana in an fabricatie : 04/2009MERCEDES-BENZ E-CLASS (W211) E 280 CDI 4-matic limuzina ; incepand cu an fabricatie : 04/2005MERCEDES-BENZ E-CLASS (W211) E 320 CDI (211.022) limuzina ; incepand cu an fabricatie : 04/2005MERCEDES-BENZ E-CLASS (W211) E 280 CDI (211.020) limuzina ; incepand cu an fabricatie : 04/2005MERCEDES-BENZ E-CLASS (W211) E 320 CDI 4-matic limuzina ; Cod motor : OM 642.921: incepand cu an fabricatie : 04/2005Producator:Beru GermaniaCod:BIT2B-BERU-0100266011"
https://www.pieseauto.ro/bobina-inductie/daewoo/matiz/bobina-inductie-daewoo-matiz-1998-motorizare-0-8-653609282.html?ssk=83c6888228fb043506c38f9c5b68c0bf,"Bobina inductie Daewoo Matiz 1998- motorizare 0.8 , Isuzu Trooper 1983- 66kw , 2.3 (UBS16) Kft Auto",81 lei,"Bobina inductie Daewoo Matiz 1998- motorizare 0.8 , Isuzu Trooper 1983- 66kw , 2.3 (UBS16) Kft AutoBobina inductie Daewoo Matiz 0.8  Producator Polcar Polonia"
https://www.pieseauto.ro/bobina-inductie/dacia/logan/bobina-inductie-dacia-solenza-logan-sandero-si-1666938206.html?ssk=83c6888228fb043506c38f9c5b68c0bf,"Bobina inductie Dacia Solenza , Logan Sandero si Renault Kft Auto",144 lei,"Bobina inductie Dacia Solenza , Logan Sandero si Renault Kft AutoBobina inductie Dacia Logan Solenza Super nova Sandero si Renault Producator : Polonia"
